model,Runtime,Avg. GPU Memory [%],Max. GPU Memory [%],Avg. GPU Memory Allocated [%],Max. GPU Memory Allocated [%],Avg. GPU Memory [GB],Max. GPU Memory [GB],Avg. GPU Memory Allocated [GB],Max. GPU Memory Allocated [GB],GPU Power Consumption [Wh],Tokens/s
Llama-2-7b-chat-bnb-activate_4bit-deactivate_nested-float16-fp4,3411.161294,40.78839285714286,55.2,40.28133928571428,52.28,6.526142857142857,8.832,6.445014285714285,8.3648,57.09050505866652,16.067454247267904
Llama-2-7b-chat-bnb-activate_4bit-activate_nested-float16-fp4,3343.986886,45.54818181818182,56.6,44.97290909090909,49.5,7.2877090909090905,9.056000000000001,7.195665454545455,7.92,60.90388115531411,16.061335261827047
Llama-2-7b-chat-awq-activate_4bit-deactivate_nested-float16-nf4,2022.329085,72.9039393939394,85.8,54.51969696969697,55.32,11.664630303030304,13.728,8.723151515151516,8.8512,38.95545445925442,26.318704309941666
Llama-2-7b-chat-gptq-activate_4bit-deactivate_nested-float16-nf4,1726.635042,68.47771929824562,78.87,46.75087719298245,53.68,10.9564350877193,12.619200000000001,7.480140350877192,8.588799999999999,32.281427908776315,28.32548793297847
